,股號,股名,產業別
0,1101,台泥,水泥工業
1,1102,亞泥,水泥工業
2,1103,嘉泥,水泥工業
3,1104,環泥,水泥工業
4,1108,幸福,水泥工業
5,1109,信大,水泥工業
6,1110,東泥,水泥工業
7,1201,味全,食品工業
8,1203,味王,食品工業
9,1210,大成,食品工業
10,1213,大飲,食品工業
11,1215,卜蜂,食品工業
12,1216,統一,食品工業
13,1217,愛之味,食品工業
14,1218,泰山,食品工業
15,1219,福壽,食品工業
16,1220,台榮,食品工業
17,1225,福懋油,食品工業
18,1227,佳格,食品工業
19,1229,聯華,食品工業
20,1231,聯華食,食品工業
21,1232,大統益,食品工業
22,1233,天仁,食品工業
23,1234,黑松,食品工業
24,1235,興泰,食品工業
25,1236,宏亞,食品工業
26,1256,鮮活果汁-KY,食品工業
27,1301,台塑,塑膠工業
28,1303,南亞,塑膠工業
29,1304,台聚,塑膠工業
30,1305,華夏,塑膠工業
31,1307,三芳,塑膠工業
32,1308,亞聚,塑膠工業
33,1309,台達化,塑膠工業
34,1310,台苯,塑膠工業
35,1312,國喬,塑膠工業
36,1313,聯成,塑膠工業
37,1314,中石化,塑膠工業
38,1315,達新,塑膠工業
39,1316,上曜,建材營造業
40,1319,東陽,汽車工業
41,1321,大洋,塑膠工業
42,1323,永裕,塑膠工業
43,1324,地球,塑膠工業
44,1325,恆大,塑膠工業
45,1326,台化,塑膠工業
46,1337,再生-KY,塑膠工業
47,1338,廣華-KY,汽車工業
48,1339,昭輝,汽車工業
49,1340,勝悅-KY,塑膠工業
50,1341,富林-KY,塑膠工業
51,1342,八貫,其他業
52,1402,遠東新,紡織纖維
53,1409,新纖,紡織纖維
54,1410,南染,紡織纖維
55,1413,宏洲,紡織纖維
56,1414,東和,紡織纖維
57,1416,廣豐,其他業
58,1417,嘉裕,紡織纖維
59,1418,東華,紡織纖維
60,1419,新紡,紡織纖維
61,1423,利華,紡織纖維
62,1432,大魯閣,運動休閒
63,1434,福懋,紡織纖維
64,1435,中福,其他業
65,1436,華友聯,建材營造業
66,1437,勤益控,其他業
67,1438,三地開發,建材營造業
68,1439,雋揚,建材營造業
69,1440,南紡,紡織纖維
70,1441,大東,紡織纖維
71,1442,名軒,建材營造業
72,1443,立益物流,其他業
73,1444,力麗,紡織纖維
74,1445,大宇,紡織纖維
75,1446,宏和,紡織纖維
76,1447,力鵬,紡織纖維
77,1449,佳和,紡織纖維
78,1451,年興,紡織纖維
79,1452,宏益,紡織纖維
80,1453,大將,建材營造業
81,1454,台富,紡織纖維
82,1455,集盛,紡織纖維
83,1456,怡華,建材營造業
84,1457,宜進,紡織纖維
85,1459,聯發,紡織纖維
86,1460,宏遠,紡織纖維
87,1463,強盛,紡織纖維
88,1464,得力,紡織纖維
89,1465,偉全,紡織纖維
90,1466,聚隆,紡織纖維
91,1467,南緯,紡織纖維
92,1468,昶和,紡織纖維
93,1470,大統新創,紡織纖維
94,1471,首利,電子零組件業
95,1472,三洋實業,建材營造業
96,1473,台南,紡織纖維
97,1474,弘裕,紡織纖維
98,1475,業旺,紡織纖維
99,1476,儒鴻,紡織纖維
100,1477,聚陽,紡織纖維
101,1503,士電,電機機械
102,1504,東元,電機機械
103,1506,正道,電機機械
104,1512,瑞利,汽車工業
105,1513,中興電,電機機械
106,1514,亞力,電機機械
107,1515,力山,電機機械
108,1516,川飛,其他業
109,1517,利奇,電機機械
110,1519,華城,電機機械
111,1521,大億,汽車工業
112,1522,堤維西,汽車工業
113,1524,耿鼎,汽車工業
114,1525,江申,汽車工業
115,1526,日馳,電機機械
116,1527,鑽全,電機機械
117,1528,恩德,電機機械
118,1529,樂事綠能,電機機械
119,1530,亞崴,電機機械
120,1531,高林股,電機機械
121,1532,勤美,電機機械
122,1533,車王電,汽車工業
123,1535,中宇,電機機械
124,1536,和大,汽車工業
125,1537,廣隆,電機機械
126,1538,正峰,電機機械
127,1539,巨庭,電機機械
128,1540,喬福,電機機械
129,1541,錩泰,電機機械
130,1558,伸興,電機機械
131,1560,中砂,電機機械
132,1568,倉佑,汽車工業
133,1582,信錦,電子零組件業
134,1583,程泰,電機機械
135,1587,吉茂,汽車工業
136,1589,永冠-KY,電機機械
137,1590,亞德客-KY,電機機械
138,1597,直得,電機機械
139,1598,岱宇,運動休閒
140,1603,華電,電器電纜
141,1604,聲寶,電器電纜
142,1605,華新,電器電纜
143,1608,華榮,電器電纜
144,1609,大亞,電器電纜
145,1611,中電,電器電纜
146,1612,宏泰,電器電纜
147,1614,三洋電,電器電纜
148,1615,大山,電器電纜
149,1616,億泰,電器電纜
150,1617,榮星,電器電纜
151,1618,合機,電器電纜
152,1626,艾美特-KY,電器電纜
153,1701,中化,生技醫療業
154,1702,南僑,食品工業
155,1707,葡萄王,生技醫療業
156,1708,東鹼,化學工業
157,1709,和益,化學工業
158,1710,東聯,化學工業
159,1711,永光,化學工業
160,1712,興農,化學工業
161,1713,國化,化學工業
162,1714,和桐,化學工業
163,1717,長興,化學工業
164,1718,中纖,化學工業
165,1720,生達,生技醫療業
166,1721,三晃,化學工業
167,1722,台肥,化學工業
168,1723,中碳,化學工業
169,1725,元禎,化學工業
170,1726,永記,化學工業
171,1727,中華化,化學工業
172,1730,花仙子,化學工業
173,1731,美吾華,生技醫療業
174,1732,毛寶,化學工業
175,1733,五鼎,生技醫療業
176,1734,杏輝,生技醫療業
177,1735,日勝化,化學工業
178,1736,喬山,運動休閒
179,1737,臺鹽,食品工業
180,1752,南光,生技醫療業
181,1760,寶齡富錦,生技醫療業
182,1762,中化生,生技醫療業
183,1773,勝一,化學工業
184,1776,展宇,化學工業
185,1783,和康生,生技醫療業
186,1786,科妍,生技醫療業
187,1789,神隆,生技醫療業
188,1795,美時,生技醫療業
189,1802,台玻,玻璃陶瓷
190,1805,寶徠,建材營造業
191,1806,冠軍,玻璃陶瓷
192,1808,潤隆,建材營造業
193,1809,中釉,玻璃陶瓷
194,1810,和成,玻璃陶瓷
195,1817,凱撒衛,玻璃陶瓷
196,1903,士紙,造紙工業
197,1904,正隆,造紙工業
198,1905,華紙,造紙工業
199,1906,寶隆,造紙工業
200,1907,永豐餘,造紙工業
201,1909,榮成,造紙工業
202,2002,中鋼,鋼鐵工業
203,2006,東和鋼鐵,鋼鐵工業
204,2007,燁興,鋼鐵工業
205,2008,高興昌,鋼鐵工業
206,2009,第一銅,鋼鐵工業
207,2010,春源,鋼鐵工業
208,2012,春雨,鋼鐵工業
209,2013,中鋼構,鋼鐵工業
210,2014,中鴻,鋼鐵工業
211,2015,豐興,鋼鐵工業
212,2017,官田鋼,鋼鐵工業
213,2020,美亞,鋼鐵工業
214,2022,聚亨,鋼鐵工業
215,2023,燁輝,鋼鐵工業
216,2024,志聯,鋼鐵工業
217,2025,千興,鋼鐵工業
218,2027,大成鋼,鋼鐵工業
219,2028,威致,鋼鐵工業
220,2029,盛餘,鋼鐵工業
221,2030,彰源,鋼鐵工業
222,2031,新光鋼,鋼鐵工業
223,2032,新鋼,鋼鐵工業
224,2033,佳大,鋼鐵工業
225,2034,允強,鋼鐵工業
226,2038,海光,鋼鐵工業
227,2049,上銀,電機機械
228,2059,川湖,電子零組件業
229,2062,橋椿,居家生活
230,2069,運錩,鋼鐵工業
231,2101,南港,橡膠工業
232,2102,泰豐,橡膠工業
233,2103,台橡,橡膠工業
234,2104,國際中橡,橡膠工業
235,2105,正新,橡膠工業
236,2106,建大,橡膠工業
237,2107,厚生,橡膠工業
238,2108,南帝,橡膠工業
239,2109,華豐,橡膠工業
240,2114,鑫永銓,橡膠工業
241,2115,六暉-KY,汽車工業
242,2201,裕隆,汽車工業
243,2204,中華,汽車工業
244,2206,三陽工業,汽車工業
245,2207,和泰車,汽車工業
246,2208,台船,航運業
247,2211,長榮鋼,鋼鐵工業
248,2227,裕日車,汽車工業
249,2228,劍麟,汽車工業
250,2231,為升,汽車工業
251,2233,宇隆,汽車工業
252,2236,百達-KY,汽車工業
253,2239,英利-KY,汽車工業
254,2241,艾姆勒,汽車工業
255,2243,宏旭-KY,汽車工業
256,2247,汎德永業,汽車工業
257,2250,IKKA-KY,汽車工業
258,2301,光寶科,電腦及週邊設備業
259,2302,麗正,半導體業
260,2303,聯電,半導體業
261,2305,全友,電腦及週邊設備業
262,2308,台達電,電子零組件業
263,2312,金寶,其他電子業
264,2313,華通,電子零組件業
265,2314,台揚,通信網路業
266,2316,楠梓電,電子零組件業
267,2317,鴻海,其他電子業
268,2321,東訊,通信網路業
269,2323,中環,光電業
270,2324,仁寶,電腦及週邊設備業
271,2327,國巨,電子零組件業
272,2328,廣宇,電子零組件業
273,2329,華泰,半導體業
274,2330,台積電,半導體業
275,2331,精英,電腦及週邊設備業
276,2332,友訊,通信網路業
277,2337,旺宏,半導體業
278,2338,光罩,半導體業
279,2340,台亞,半導體業
280,2342,茂矽,半導體業
281,2344,華邦電,半導體業
282,2345,智邦,通信網路業
283,2347,聯強,電子通路業
284,2348,海悅,其他業
285,2349,錸德,光電業
286,2351,順德,半導體業
287,2352,佳世達,電腦及週邊設備業
288,2353,宏碁,電腦及週邊設備業
289,2354,鴻準,其他電子業
290,2355,敬鵬,電子零組件業
291,2356,英業達,電腦及週邊設備業
292,2357,華碩,電腦及週邊設備業
293,2358,廷鑫,其他業
294,2359,所羅門,其他電子業
295,2360,致茂,其他電子業
296,2362,藍天,電腦及週邊設備業
297,2363,矽統,半導體業
298,2364,倫飛,電腦及週邊設備業
299,2365,昆盈,電腦及週邊設備業
300,2367,燿華,電子零組件業
301,2368,金像電,電子零組件業
302,2369,菱生,半導體業
303,2371,大同,電機機械
304,2373,震旦行,其他電子業
305,2374,佳能,光電業
306,2375,凱美,電子零組件業
307,2376,技嘉,電腦及週邊設備業
308,2377,微星,電腦及週邊設備業
309,2379,瑞昱,半導體業
310,2380,虹光,電腦及週邊設備業
311,2382,廣達,電腦及週邊設備業
312,2383,台光電,電子零組件業
313,2385,群光,電子零組件業
314,2387,精元,電腦及週邊設備業
315,2388,威盛,半導體業
316,2390,云辰,其他電子業
317,2392,正崴,電子零組件業
318,2393,億光,光電業
319,2395,研華,電腦及週邊設備業
320,2397,友通,電腦及週邊設備業
321,2399,映泰,電腦及週邊設備業
322,2401,凌陽,半導體業
323,2402,毅嘉,電子零組件業
324,2404,漢唐,其他電子業
325,2405,輔信,電腦及週邊設備業
326,2406,國碩,光電業
327,2408,南亞科,半導體業
328,2409,友達,光電業
329,2412,中華電,通信網路業
330,2413,環科,電子零組件業
331,2414,精技,電子通路業
332,2415,錩新,電子零組件業
333,2417,圓剛,電腦及週邊設備業
334,2419,仲琦,通信網路業
335,2420,新巨,電子零組件業
336,2421,建準,電子零組件業
337,2423,固緯,其他電子業
338,2424,隴華,通信網路業
339,2425,承啟,電腦及週邊設備業
340,2426,鼎元,光電業
341,2427,三商電,資訊服務業
342,2428,興勤,電子零組件業
343,2429,銘旺科,光電業
344,2430,燦坤,電子通路業
345,2431,聯昌,電子零組件業
346,2433,互盛電,其他電子業
347,2434,統懋,半導體業
348,2436,偉詮電,半導體業
349,2438,翔耀,光電業
350,2439,美律,通信網路業
351,2440,太空梭,電子零組件業
352,2441,超豐,半導體業
353,2442,新美齊,建材營造業
354,2443,昶虹,其他業
355,2444,兆勁,通信網路業
356,2449,京元電子,半導體業
357,2450,神腦,通信網路業
358,2451,創見,半導體業
359,2453,凌群,資訊服務業
360,2454,聯發科,半導體業
361,2455,全新,通信網路業
362,2457,飛宏,電子零組件業
363,2458,義隆,半導體業
364,2459,敦吉,其他電子業
365,2460,建通,電子零組件業
366,2461,光群雷,其他電子業
367,2462,良得電,電子零組件業
368,2464,盟立,其他電子業
369,2465,麗臺,電腦及週邊設備業
370,2466,冠西電,光電業
371,2467,志聖,電子零組件業
372,2468,華經,資訊服務業
373,2471,資通,資訊服務業
374,2472,立隆電,電子零組件業
375,2474,可成,其他電子業
376,2476,鉅祥,電子零組件業
377,2477,美隆電,其他電子業
378,2478,大毅,電子零組件業
379,2480,敦陽科,資訊服務業
380,2481,強茂,半導體業
381,2482,連宇,其他電子業
382,2483,百容,電子零組件業
383,2484,希華,電子零組件業
384,2485,兆赫,通信網路業
385,2486,一詮,光電業
386,2488,漢平,其他電子業
387,2489,瑞軒,光電業
388,2491,吉祥全,光電業
389,2492,華新科,電子零組件業
390,2493,揚博,電子零組件業
391,2495,普安,電腦及週邊設備業
392,2496,卓越,其他業
393,2497,怡利電,汽車工業
394,2498,宏達電,通信網路業
395,2501,國建,建材營造業
396,2504,國產,建材營造業
397,2505,國揚,建材營造業
398,2506,太設,建材營造業
399,2509,全坤建,建材營造業
400,2511,太子,建材營造業
401,2514,龍邦,其他業
402,2515,中工,建材營造業
403,2516,新建,建材營造業
404,2520,冠德,建材營造業
405,2524,京城,建材營造業
406,2527,宏璟,建材營造業
407,2528,皇普,建材營造業
408,2530,華建,建材營造業
409,2534,宏盛,建材營造業
410,2535,達欣工,建材營造業
411,2536,宏普,建材營造業
412,2537,聯上發,建材營造業
413,2538,基泰,建材營造業
414,2539,櫻花建,建材營造業
415,2540,愛山林,建材營造業
416,2542,興富發,建材營造業
417,2543,皇昌,建材營造業
418,2545,皇翔,建材營造業
419,2546,根基,建材營造業
420,2547,日勝生,建材營造業
421,2548,華固,建材營造業
422,2597,潤弘,建材營造業
423,2601,益航,貿易百貨業
424,2603,長榮,航運業
425,2605,新興,航運業
426,2606,裕民,航運業
427,2607,榮運,航運業
428,2608,嘉里大榮,航運業
429,2609,陽明,航運業
430,2610,華航,航運業
431,2611,志信,航運業
432,2612,中航,航運業
433,2613,中櫃,航運業
434,2614,東森,其他業
435,2615,萬海,航運業
436,2616,山隆,油電燃氣業
437,2617,台航,航運業
438,2618,長榮航,航運業
439,2630,亞航,航運業
440,2633,台灣高鐵,航運業
441,2634,漢翔,航運業
442,2636,台驊投控,航運業
443,2637,慧洋-KY,航運業
444,2642,宅配通,航運業
445,2645,長榮航太,航運業
446,2701,萬企,觀光餐旅
447,2702,華園,觀光餐旅
448,2704,國賓,觀光餐旅
449,2705,六福,觀光餐旅
450,2706,第一店,觀光餐旅
451,2707,晶華,觀光餐旅
452,2712,遠雄來,觀光餐旅
453,2722,夏都,觀光餐旅
454,2723,美食-KY,觀光餐旅
455,2727,王品,觀光餐旅
456,2731,雄獅,觀光餐旅
457,2739,寒舍,觀光餐旅
458,2748,雲品,觀光餐旅
459,2753,八方雲集,觀光餐旅
460,2801,彰銀,金融保險業
461,2809,京城銀,金融保險業
462,2812,台中銀,金融保險業
463,2816,旺旺保,金融保險業
464,2820,華票,金融保險業
465,2832,台產,金融保險業
466,2834,臺企銀,金融保險業
467,2836,高雄銀,金融保險業
468,2838,聯邦銀,金融保險業
469,2845,遠東銀,金融保險業
470,2849,安泰銀,金融保險業
471,2850,新產,金融保險業
472,2851,中再保,金融保險業
473,2852,第一保,金融保險業
474,2855,統一證,金融保險業
475,2867,三商壽,金融保險業
476,2880,華南金,金融保險業
477,2881,富邦金,金融保險業
478,2882,國泰金,金融保險業
479,2883,開發金,金融保險業
480,2884,玉山金,金融保險業
481,2885,元大金,金融保險業
482,2886,兆豐金,金融保險業
483,2887,台新金,金融保險業
484,2888,新光金,金融保險業
485,2889,國票金,金融保險業
486,2890,永豐金,金融保險業
487,2891,中信金,金融保險業
488,2892,第一金,金融保險業
489,2897,王道銀行,金融保險業
490,2901,欣欣,貿易百貨業
491,2903,遠百,貿易百貨業
492,2904,匯僑,其他業
493,2905,三商,貿易百貨業
494,2906,高林,貿易百貨業
495,2908,特力,貿易百貨業
496,2910,統領,貿易百貨業
497,2911,麗嬰房,貿易百貨業
498,2912,統一超,貿易百貨業
499,2913,農林,貿易百貨業
500,2915,潤泰全,貿易百貨業
501,2923,鼎固-KY,建材營造業
502,2929,淘帝-KY,貿易百貨業
503,2939,凱羿-KY,貿易百貨業
504,2945,三商家購,貿易百貨業
505,3002,歐格,電腦及週邊設備業
506,3003,健和興,電子零組件業
507,3004,豐達科,鋼鐵工業
508,3005,神基,電腦及週邊設備業
509,3006,晶豪科,半導體業
510,3008,大立光,光電業
511,3010,華立,電子通路業
512,3011,今皓,電子零組件業
513,3013,晟銘電,電腦及週邊設備業
514,3014,聯陽,半導體業
515,3015,全漢,電子零組件業
516,3016,嘉晶,半導體業
517,3017,奇鋐,電腦及週邊設備業
518,3018,隆銘綠能,其他電子業
519,3019,亞光,光電業
520,3021,鴻名,電子零組件業
521,3022,威強電,電腦及週邊設備業
522,3023,信邦,電子零組件業
523,3024,憶聲,光電業
524,3025,星通,通信網路業
525,3026,禾伸堂,電子零組件業
526,3027,盛達,通信網路業
527,3028,增你強,電子通路業
528,3029,零壹,資訊服務業
529,3030,德律,其他電子業
530,3031,佰鴻,光電業
531,3032,偉訓,電子零組件業
532,3033,威健,電子通路業
533,3034,聯詠,半導體業
534,3035,智原,半導體業
535,3036,文曄,電子通路業
536,3037,欣興,電子零組件業
537,3038,全台,光電業
538,3040,遠見,其他業
539,3041,揚智,半導體業
540,3042,晶技,電子零組件業
541,3043,科風,其他電子業
542,3044,健鼎,電子零組件業
543,3045,台灣大,通信網路業
544,3046,建碁,電腦及週邊設備業
545,3047,訊舟,通信網路業
546,3048,益登,電子通路業
547,3049,精金,光電業
548,3050,鈺德,光電業
549,3051,力特,光電業
550,3052,夆典,建材營造業
551,3054,立萬利,食品工業
552,3055,蔚華科,電子通路業
553,3056,富華新,建材營造業
554,3057,喬鼎,電腦及週邊設備業
555,3058,立德,電子零組件業
556,3059,華晶科,光電業
557,3060,銘異,電腦及週邊設備業
558,3062,建漢,通信網路業
559,3090,日電貿,電子零組件業
560,3092,鴻碩,電子零組件業
561,3094,聯傑,半導體業
562,3130,一零四,數位雲端
563,3138,耀登,通信網路業
564,3149,正達,光電業
565,3164,景岳,生技醫療業
566,3167,大量,電機機械
567,3189,景碩,半導體業
568,3209,全科,電子通路業
569,3229,晟鈦,電子零組件業
570,3231,緯創,電腦及週邊設備業
571,3257,虹冠電,半導體業
572,3266,昇陽,建材營造業
573,3296,勝德,電子零組件業
574,3305,昇貿,其他電子業
575,3308,聯德,電子零組件業
576,3311,閎暉,通信網路業
577,3312,弘憶股,電子通路業
578,3321,同泰,電子零組件業
579,3338,泰碩,電子零組件業
580,3346,麗清,汽車工業
581,3356,奇偶,光電業
582,3376,新日興,電子零組件業
583,3380,明泰,通信網路業
584,3406,玉晶光,光電業
585,3413,京鼎,半導體業
586,3416,融程電,電腦及週邊設備業
587,3419,譁裕,通信網路業
588,3432,台端,電子零組件業
589,3437,榮創,光電業
590,3443,創意,半導體業
591,3447,展達,通信網路業
592,3450,聯鈞,半導體業
593,3454,晶睿,光電業
594,3481,群創,光電業
595,3494,誠研,電腦及週邊設備業
596,3501,維熹,電子零組件業
597,3504,揚明光,光電業
598,3515,華擎,電腦及週邊設備業
599,3518,柏騰,其他電子業
600,3528,安馳,電子通路業
601,3530,晶相光,半導體業
602,3532,台勝科,半導體業
603,3533,嘉澤,電子零組件業
604,3535,晶彩科,光電業
605,3543,州巧,光電業
606,3545,敦泰,半導體業
607,3550,聯穎,電子零組件業
608,3557,嘉威,居家生活
609,3563,牧德,光電業
610,3576,聯合再生,光電業
611,3583,辛耘,半導體業
612,3588,通嘉,半導體業
613,3591,艾笛森,光電業
614,3592,瑞鼎,半導體業
615,3593,力銘,電子零組件業
616,3596,智易,通信網路業
617,3605,宏致,電子零組件業
618,3607,谷崧,電子零組件業
619,3617,碩天,其他電子業
620,3622,洋華,光電業
621,3645,達邁,電子零組件業
622,3652,精聯,電腦及週邊設備業
623,3653,健策,電子零組件業
624,3661,世芯-KY,半導體業
625,3665,貿聯-KY,其他電子業
626,3669,圓展,通信網路業
627,3673,TPK-KY,光電業
628,3679,新至陞,電子零組件業
629,3682,亞太電,通信網路業
630,3686,達能,半導體業
631,3694,海華,通信網路業
632,3701,大眾控,電腦及週邊設備業
633,3702,大聯大,電子通路業
634,3703,欣陸,建材營造業
635,3704,合勤控,通信網路業
636,3705,永信,生技醫療業
637,3706,神達,電腦及週邊設備業
638,3708,上緯投控,綠能環保
639,3711,日月光投控,半導體業
640,3712,永崴投控,電腦及週邊設備業
641,3714,富采,光電業
642,3715,定穎投控,電子零組件業
643,4104,佳醫,生技醫療業
644,4106,雃博,生技醫療業
645,4108,懷特,生技醫療業
646,4119,旭富,生技醫療業
647,4133,亞諾法,生技醫療業
648,4137,麗豐-KY,生技醫療業
649,4142,國光生,生技醫療業
650,4148,全宇生技-KY,生技醫療業
651,4155,訊映,生技醫療業
652,4164,承業醫,生技醫療業
653,4190,佐登-KY,生技醫療業
654,4306,炎洲,塑膠工業
655,4414,如興,紡織纖維
656,4426,利勤,紡織纖維
657,4438,廣越,紡織纖維
658,4439,冠星-KY,紡織纖維
659,4440,宜新實業,紡織纖維
660,4526,東台,電機機械
661,4532,瑞智,電機機械
662,4536,拓凱,運動休閒
663,4540,全球傳動,電機機械
664,4545,銘鈺,電子零組件業
665,4551,智伸科,汽車工業
666,4552,力達-KY,電機機械
667,4555,氣立,電機機械
668,4557,永新-KY,汽車工業
669,4560,強信-KY,電機機械
670,4562,穎漢,電機機械
671,4564,元翎,電機機械
672,4566,時碩工業,電機機械
673,4569,六方科-KY,汽車工業
674,4571,鈞興-KY,電機機械
675,4572,駐龍,電機機械
676,4576,大銀微系統,電機機械
677,4581,光隆精密-KY,汽車工業
678,4583,台灣精銳,電機機械
679,4720,德淵,化學工業
680,4722,國精化,化學工業
681,4737,華廣,生技醫療業
682,4739,康普,化學工業
683,4746,台耀,生技醫療業
684,4755,三福化,化學工業
685,4763,材料-KY,化學工業
686,4764,雙鍵,化學工業
687,4766,南寶,化學工業
688,4770,上品,化學工業
689,4807,日成-KY,貿易百貨業
690,4904,遠傳,通信網路業
691,4906,正文,通信網路業
692,4912,聯德控股-KY,電子零組件業
693,4915,致伸,電子零組件業
694,4916,事欣科,電腦及週邊設備業
695,4919,新唐,半導體業
696,4927,泰鼎-KY,電子零組件業
697,4930,燦星網,電器電纜
698,4934,太極,光電業
699,4935,茂林-KY,光電業
700,4938,和碩,電腦及週邊設備業
701,4942,嘉彰,光電業
702,4943,康控-KY,電子零組件業
703,4952,凌通,半導體業
704,4956,光鋐,光電業
705,4958,臻鼎-KY,電子零組件業
706,4960,誠美材,光電業
707,4961,天鈺,半導體業
708,4967,十銓,半導體業
709,4968,立積,半導體業
710,4976,佳凌,光電業
711,4977,眾達-KY,通信網路業
712,4989,榮科,電子零組件業
713,4994,傳奇,資訊服務業
714,4999,鑫禾,電子零組件業
715,5007,三星,鋼鐵工業
716,5203,訊連,資訊服務業
717,5215,科嘉-KY,電腦及週邊設備業
718,5222,全訊,半導體業
719,5225,東科-KY,其他電子業
720,5234,達興材料,光電業
721,5243,乙盛-KY,光電業
722,5244,弘凱,光電業
723,5258,虹堡,電腦及週邊設備業
724,5269,祥碩,半導體業
725,5283,禾聯碩,電器電纜
726,5284,jpp-KY,其他業
727,5285,界霖,半導體業
728,5288,豐祥-KY,電機機械
729,5306,桂盟,運動休閒
730,5388,中磊,通信網路業
731,5434,崇越,電子通路業
732,5469,瀚宇博,電子零組件業
733,5471,松翰,半導體業
734,5484,慧友,光電業
735,5515,建國,建材營造業
736,5519,隆大,建材營造業
737,5521,工信,建材營造業
738,5522,遠雄,建材營造業
739,5525,順天,建材營造業
740,5531,鄉林,建材營造業
741,5533,皇鼎,建材營造業
742,5534,長虹,建材營造業
743,5538,東明-KY,鋼鐵工業
744,5546,永固-KY,建材營造業
745,5607,遠雄港,航運業
746,5608,四維航,航運業
747,5706,鳳凰,觀光餐旅
748,5871,中租-KY,其他業
749,5876,上海商銀,金融保險業
750,5880,合庫金,金融保險業
751,5906,台南-KY,貿易百貨業
752,5907,大洋-KY,貿易百貨業
753,6005,群益證,金融保險業
754,6024,群益期,金融保險業
755,6108,競國,電子零組件業
756,6112,邁達特,資訊服務業
757,6115,鎰勝,電子零組件業
758,6116,彩晶,光電業
759,6117,迎廣,電腦及週邊設備業
760,6120,達運,光電業
761,6128,上福,電腦及週邊設備業
762,6133,金橋,電子零組件業
763,6136,富爾特,通信網路業
764,6139,亞翔,其他電子業
765,6141,柏承,電子零組件業
766,6142,友勁,通信網路業
767,6152,百一,通信網路業
768,6153,嘉聯益,電子零組件業
769,6155,鈞寶,電子零組件業
770,6164,華興,光電業
771,6165,浪凡,數位雲端
772,6166,凌華,電腦及週邊設備業
773,6168,宏齊,光電業
774,6176,瑞儀,光電業
775,6177,達麗,建材營造業
776,6183,關貿,資訊服務業
777,6184,大豐電,其他業
778,6189,豐藝,電子通路業
779,6191,精成科,電子零組件業
780,6192,巨路,其他電子業
781,6196,帆宣,其他電子業
782,6197,佳必琪,電子零組件業
783,6201,亞弘電,其他電子業
784,6202,盛群,半導體業
785,6205,詮欣,電子零組件業
786,6206,飛捷,電腦及週邊設備業
787,6209,今國光,光電業
788,6213,聯茂,電子零組件業
789,6214,精誠,資訊服務業
790,6215,和椿,其他電子業
791,6216,居易,通信網路業
792,6224,聚鼎,電子零組件業
793,6225,天瀚,光電業
794,6226,光鼎,光電業
795,6230,尼得科超眾,電腦及週邊設備業
796,6235,華孚,電腦及週邊設備業
797,6239,力成,半導體業
798,6243,迅杰,半導體業
799,6257,矽格,半導體業
800,6269,台郡,電子零組件業
801,6271,同欣電,半導體業
802,6277,宏正,電腦及週邊設備業
803,6278,台表科,光電業
804,6281,全國電,電子通路業
805,6282,康舒,電子零組件業
806,6283,淳安,其他電子業
807,6285,啟碁,通信網路業
808,6288,聯嘉,汽車工業
809,6405,悅城,光電業
810,6409,旭隼,其他電子業
811,6412,群電,電子零組件業
812,6414,樺漢,電腦及週邊設備業
813,6415,矽力*-KY,半導體業
814,6416,瑞祺電通,通信網路業
815,6426,統新,通信網路業
816,6431,光麗-KY,生技醫療業
817,6438,迅得,其他電子業
818,6442,光聖,通信網路業
819,6443,元晶,光電業
820,6449,鈺邦,電子零組件業
821,6451,訊芯-KY,半導體業
822,6456,GIS-KY,光電業
823,6464,台數科,其他業
824,6477,安集,光電業
825,6491,晶碩,生技醫療業
826,6504,南六,其他業
827,6505,台塑化,油電燃氣業
828,6515,穎崴,半導體業
829,6525,捷敏-KY,半導體業
830,6531,愛普*,半導體業
831,6533,晶心科,半導體業
832,6541,泰福-KY,生技醫療業
833,6550,北極星藥業-KY,生技醫療業
834,6552,易華電,半導體業
835,6558,興能高,其他電子業
836,6573,虹揚-KY,半導體業
837,6579,研揚,電腦及週邊設備業
838,6581,鋼聯,綠能環保
839,6582,申豐,橡膠工業
840,6585,鼎基,其他業
841,6591,動力-KY,電腦及週邊設備業
842,6592,和潤企業,其他業
843,6598,ABC-KY,生技醫療業
844,6605,帝寶,汽車工業
845,6606,建德工業,電機機械
846,6625,必應,其他業
847,6641,基士德-KY,綠能環保
848,6655,科定,其他業
849,6657,華安,生技醫療業
850,6666,羅麗芬-KY,生技醫療業
851,6668,中揚光,光電業
852,6669,緯穎,電腦及週邊設備業
853,6670,復盛應用,運動休閒
854,6671,三能-KY,居家生活
855,6672,騰輝電子-KY,電子零組件業
856,6674,鋐寶科技,通信網路業
857,6689,伊雲谷,數位雲端
858,6691,洋基工程,其他電子業
859,6695,芯鼎,半導體業
860,6698,旭暉應材,其他電子業
861,6706,惠特,光電業
862,6715,嘉基,電子零組件業
863,6719,力智,半導體業
864,6743,安普新,其他電子業
865,6753,龍德造船,航運業
866,6754,匯僑設計,居家生活
867,6756,威鋒電子,半導體業
868,6768,志強-KY,運動休閒
869,6770,力積電,半導體業
870,6776,展碁國際,電子通路業
871,6781,AES-KY,電子零組件業
872,6782,視陽,生技醫療業
873,6789,采鈺,半導體業
874,6790,永豐實,造紙工業
875,6792,詠業,通信網路業
876,6796,晉弘,生技醫療業
877,6799,來頡,半導體業
878,6806,森崴能源,綠能環保
879,6807,峰源-KY,居家生活
880,6830,汎銓,其他電子業
881,6834,天二科技,電子零組件業
882,6835,圓裕,電子零組件業
883,6861,睿生光電,生技醫療業
884,6863,永道-KY,通信網路業
885,6901,鑽石投資,其他業
886,8011,台通,通信網路業
887,8016,矽創,半導體業
888,8021,尖點,其他電子業
889,8028,昇陽半導體,半導體業
890,8033,雷虎,其他業
891,8039,台虹,電子零組件業
892,8046,南電,電子零組件業
893,8070,長華*,電子通路業
894,8072,陞泰,電子通路業
895,8081,致新,半導體業
896,8101,華冠,通信網路業
897,8103,瀚荃,電子零組件業
898,8104,錸寶,光電業
899,8105,凌巨,光電業
900,8110,華東,半導體業
901,8112,至上,電子通路業
902,8114,振樺電,電腦及週邊設備業
903,8131,福懋科,半導體業
904,8150,南茂,半導體業
905,8163,達方,電腦及週邊設備業
906,8201,無敵,其他電子業
907,8210,勤誠,電腦及週邊設備業
908,8213,志超,電子零組件業
909,8215,明基材,光電業
910,8222,寶一,電機機械
911,8249,菱光,電子零組件業
912,8261,富鼎,半導體業
913,8271,宇瞻,半導體業
914,8341,日友,綠能環保
915,8367,建新國際,航運業
916,8374,羅昇,電機機械
917,8404,百和興業-KY,其他業
918,8411,福貞-KY,其他業
919,8422,可寧衛,綠能環保
920,8429,金麗-KY,貿易百貨業
921,8438,昶昕,綠能環保
922,8442,威宏-KY,其他業
923,8443,阿瘦,貿易百貨業
924,8454,富邦媒,數位雲端
925,8462,柏文,運動休閒
926,8463,潤泰材,其他業
927,8464,億豐,居家生活
928,8466,美吉吉-KY,其他業
929,8467,波力-KY,運動休閒
930,8473,山林水,綠能環保
931,8478,東哥遊艇,運動休閒
932,8481,政伸,其他業
933,8482,商億-KY,居家生活
934,8488,吉源-KY,其他業
935,8499,鼎炫-KY,其他電子業
936,8926,台汽電,油電燃氣業
937,8940,新天地,觀光餐旅
938,8996,高力,電機機械
939,9802,鈺齊-KY,運動休閒
940,9902,台火,其他業
941,9904,寶成,運動休閒
942,9905,大華,其他業
943,9906,欣巴巴,建材營造業
944,9907,統一實,其他業
945,9908,大台北,油電燃氣業
946,9910,豐泰,運動休閒
947,9911,櫻花,居家生活
948,9912,偉聯,電腦及週邊設備業
949,9914,美利達,運動休閒
950,9917,中保科,其他業
951,9918,欣天然,油電燃氣業
952,9919,康那香,其他業
953,9921,巨大,運動休閒
954,9924,福興,居家生活
955,9925,新保,其他業
956,9926,新海,油電燃氣業
957,9927,泰銘,其他業
958,9928,中視,其他業
959,9929,秋雨,其他業
960,9930,中聯資源,綠能環保
961,9931,欣高,油電燃氣業
962,9933,中鼎,其他業
963,9934,成霖,居家生活
964,9935,慶豐富,居家生活
965,9937,全國,油電燃氣業
966,9938,百和,其他業
967,9939,宏全,其他業
968,9940,信義,其他業
969,9941,裕融,其他業
970,9942,茂順,其他業
971,9943,好樂迪,觀光餐旅
972,9944,新麗,其他業
973,9945,潤泰新,其他業
974,9946,三發地產,建材營造業
975,9955,佳龍,綠能環保
976,9958,世紀鋼,鋼鐵工業
977,2432,倚天酷碁-創,電腦及週邊設備業
978,6757,台灣虎航-創,航運業
979,6854,錼創科技-KY創,半導體業
980,6869,雲豹能源-創,綠能環保
981,6873,泓德能源-創,綠能環保
982,6902,走著瞧-創,數位雲端
983,0050,元大台灣50,
984,0051,元大中型100,
985,0052,富邦科技,
986,0053,元大電子,
987,0055,元大MSCI金融,
988,0056,元大高股息,
989,0057,富邦摩台,
990,0061,元大寶滬深,
991,9103,美德醫療-DR,
992,9105,泰金寶-DR,
993,9110,越南控-DR,
994,9136,巨騰-DR,
